;"Ogrody botaniczne, Kraków";"50.063754";"19.958823";"3"
;"Wzniesiony w XIVw przez biskupa Floriana z Mokrska. Przebudowy na renesansowa rezydencje dokonal Franciszek Krasinski w XVI i XVIIw, a potem w XVIIIw.";"50.941934";"20.952109";"3"
;"Zoo, Łódź, ";"51.762704";"19.409018";"3"
;"Baszta, wstep platny. Wspanialy widok na Lagow i obydwa jeziora.";"52.334742";"15.291893";"3"
;"Wodogrzmoty Mickiewicza a właściwie Pośredni Wodogrzmot (pozostałe niewidoczne z mostu). Utworzone na Potoku Roztoka. Dojście z parkingu w Palenicy Białczańskiej ok 35 min.";"49.234336";"20.087002";"3"
;"Zoo, Gdańsk, zoo oliwski";"54.414763";"18.536122";"3"
;"Ogrody botaniczne, Gdańsk, Park Oliwski";"54.408834";"18.562002";"3"
;"Wieżyca. Niedaleko znajduje się parking";"54.220313";"18.119902";"3"
;"Zamki, Lublin, ";"51.250603";"22.571432";"3"
;"Miejsca Godne Zwiedzenia, Koszalin, Skansen";"54.193082";"16.181352";"3"
;"Widok na cały Kraków, szczególnie ładnie po zmierzchu.";"49.989725";"19.968767";"3"
;"Taras widokowy, niestety brak możliwości wjechania samochodem.";"54.085475";"15.024372";"3"
;"Zamek krzyżacki w Malborku.W 1997 roku został wpisany na listę światowego dziedzictwa UNESCO.";"54.040668";"19.029264";"3"
;"Muzeum Zamkowe w Pszczynie";"49.978211";"18.940461";"3"
;"Krolewski Zamek na Wawelu. Budowe rozpoczal w XIVw. Kazimierz Wielki. Wielokrotnie niszczony. Do dzis zachowaly sie zarowno gotyckie, jak i renesansowe zabudowania, katedra z sarkofagami polskich monarchow.";"50.054562";"19.936366";"3"
;"największy w Polsce obszar lotnych piasków pochodzenia fluwioglacjalnego leżący na pograniczu Wyżyny Śląskiej i Wyżyny Olkuskiej.";"50.361153";"19.519013";"3"
;"Park zdrojowy w którym znajduje się Pijalnia wody";"50.442959";"16.244243";"3"
;"Ruiny zamku do których nalży kierować się niebieskim szlakiem. Zamek ten powstał w XIV wieku, został spalony w roku 1771 w czasie walk konfederacji barskiej z wojskami rosyjskimi. Z murów zamkowych rozpościera się widok na Dunajec oraz odległy o 3 km Zakliczyn oraz widoczną na południowym wschodzie wieś Tropie. Po stronie południowej zamku znajdowały się kiedyś uprawy winnej latorośli, zasadzonej przez Lanckorońskich.";"49.871210";"20.770590";"3"
;"Pałac w Maciejowie - styl klasycystyczny. Projektował Carl Gotthard Langhans (twórca Bramy Brandenburskiej). Rok budowy datowany jest na ok. 1790 r. Powierzchnia ok. 1500 m2. Wpisany do rejestru zabytków 803/64.    Na terenie pałacu znajduje się zaspół malowideł ściennych - romantyzm z przełomu XVIII i XIX w. Wysoka klasa artystyczna i historyczna. Jest jednym z nielicznych obiektów które zachowały się z wyposażenia pałaców sprzed 1939 r. Tempera na tynku w salonie na I piętrze wpisana jest w rejestr zabytków Ks.B.t.II-93/1/-8/07.";"51.034215";"18.287858";"3"
;"Ogrody botaniczne, Rogów, OGRÓD SGGW";"51.821773";"19.845600";"3"
;"Muzea i Skanseny, Wolin, ";"53.844425";"14.616987";"3"
;"Perła Renesansu  Zwiedzajcie, podziwiajcie i odwiedzajcie renesansowe miasto arkad - jedyne takie w Polsce.";"50.717058";"23.252606";"3"
;"Zbudowany w XIIIw przez Boleslawa II Rogatki (zw. Lysym) i rozbudowany przez ksiecia Bolka I. W XIVw przeszedl na wlasnosc krolow czeskich, by w XVw dostac sie w rece rycerza-zboja Jana z Czernej. Obecnie miesci sie tu Muzeum w Jeleniej Gorze";"50.921922";"16.097739";"3"
;"Austriacka Twierdza Kraków. Fort 50 Prokocim. Fort artyleryjski. Zbudowany w latach 1883-1886.";"50.010483";"19.997273";"3"
;"Austriacka Twierdza Kraków. Schron  amunicyjny Prokocim. Zbudowany w latach 1914-1915.";"50.015661";"19.993255";"3"
;"Ogród został założony w roku 1975. Położony jest 7 km na północny-wschód od Przemyśla. Stanowi jeden z cenniejszych zabytków przyrody i kultury Małopolski. Historyczne założenie obejmuje park i dwór, w którym w połowie XIX w. mieszkał i tworzył znakomity malarz Piotr Michałowski. Na terenie Arboretum znajduje się również dziewiętnastowieczny fort dawnej Twierdzy Przemyśl.";"49.817725";"22.862811";"3"
;"Skansen czynny:  W sezonie turystycznym od 1 maja do 30 września: w dni robocze 800 - 1700 w dni wolne od pracy i święta 1000 - 1900  Od 1 października do 30 kwietnia: w dni robocze 900 - 1500";"50.221830";"22.404500";"3"
;"Zamek sklada sie z sredniowiecznej ceglanej wiezy (kiedys byl to stolp) krytej dachem i dwukondygnacyjnego, podpiwniczonego budynku wzniesionego na planie prostokata. Na wzgorzu zamkowym znajduja sie resztki murow obronnych, bastei";"50.039760";"19.219706";"3"
;"Zbudowany w XIIIw przez Krzyzakow murowany zamek mial byc siedziba wielkiego mistrza. Rozebrany w XVIIIw z wiekszosci zabudowy zachowal jedynie wieze zw Wieza Mestwina. Na scianie wiezy widnieje tablica nagrobna wojewody chelminskiego Melchiora Wejcher";"53.348259";"18.428104";"3"
;"Wzniesiona w XIVw krzyzacka warownia, stanela na miejscu poprzednich umocnien grodu ksiazat pomorskich. Po 1466r przeszedl w rece polskie. Do dzis zachowala sie czesc murow korpusu zamkowego i cylindryczna wieza o wysokosci 34 m z blankami w szczycie";"53.404071";"18.457148";"3"
;"Przepiekne w swej formie ruiny na wapiennej skale, sa pozostaloscia rycerskiego zamku rodu Lisow, zbudowanego w XIV wieku. Zniszczony przez Szwedow w 1657 roku nie zostal juz odbudowany. Zachowaly sie fragmenty scian, wiez oraz wtopionych w mury baszt";"50.614375";"19.475491";"3"
;"Siklawa (Wielka Siklawa), Najwiekszy polski wodospad, dojscie szlakiem zielonym.";"49.213780";"20.043588";"3"
;"Wodospady, Przesieka, Karkonosze";"50.803183";"15.674871";"3"
;"Schron nr 8 obserwacyjny";"51.363228";"19.131912";"3"
;"Piekny wodospad na progu wodnym. Parking przy PTTK";"49.623364";"18.911625";"3"
;"Skarszewy od 1198 roku znajdowaly sie w rekach joannitow, ktorzy w pierwszej polowie XIV wieku wzniesli tu swoja obronna siedzibe. W 1370 roku zamek kupili Krzyzacy i piecze nad nim przejal wojt z Tczewa.";"54.072222";"18.443669";"3"
;"Schron bojowy miedzy dwoma mostami drogowymi w Cigacicach";"52.029767";"15.623876";"3"
;"Wodospady, Kalnica, ";"49.215980";"22.436495";"3"
;"Muzeum Wojska w Białymstoku";"53.132096";"23.166571";"3"
;"Jadąć w strone Krakowa w pewnym momencie będziesz na samej górze drogi. To jest idealne miejsce gdzie zobaczysz praktycznie cały Kraków.";"49.972146";"19.906711";"3"
;"Jurajski Park Dinozaurów w Jurowcach koło Białegostoku, więcej  www.jurajskiparkdinozaurow.pl/index.html";"53.185567";"23.149909";"3"
;"Fundacja Miejski Park i Ogród Zoologiczny w Krakowie  www.zoo-krakow.pl";"50.051986";"19.849054";"3"
;"Sosnowieckie Centrum Sztuki - Zamek Sielecki  Tel. (032)2663842, (032)2979076";"50.285377";"19.145822";"3"
;"Palac z konca XIX w. Park";"51.692112";"16.852261";"3"
;"Ogrody botaniczne, Łódź, ";"51.760236";"19.407219";"3"
;"Mozna zaparkowac auto przy morzu. Wspaniałe widoki.";"54.609260";"18.514008";"3"
;"Palac z 1785 r.wybudowany dla ksiecia Antoniego Jablonskiego wg.projektu Dominika Merliniego.";"52.056799";"16.710386";"3"
;"Pałac Kultury i Sportu  tel. 068 477 64 61";"51.612613";"15.324516";"3"
;"Jezioro Pilchowickie widok na wiadukt kolejowy i jezioro oraz tamę pilchowicką. Dla odważnych proponuje wejście na środek tego wiaduktu i popatrzenie w dół (uwaga na pociągi).";"50.965683";"15.657706";"3"
;"Jezioro Pilchowickie, Zapora Wodna, Elektrownia Wodna wejscie na tame jest darmowe widoka na samo jezioro jak i na piękną okolice.";"50.965005";"15.643813";"3"
;"Niewielkie malownicze miasteczko pełne zabytków związanych z Jagiellonami. Dwa muzea (pierwsze w Polsce Muzeum Aptekarstwa), gotycka kolegiata, ratusz z wieżą widokową. Restauracje, hotel.";"49.732579";"21.257944";"3"
;"Bastion św. Jadwigi (Bastei der Hl.Hedwig) to pozostałości umocnień habsburskich - jeden z 10 istniejących wówczas bastionów. W 1870 był więzieniem dla kilkuset francuskich jeńców. W latach 1878-1887 pełnił funkcję koszar nr 9, po I wojnie światowej sprzedano go w prywatne ręce";"50.474384";"17.330765";"3"
;"W przeszłości był określany również jako Fort Blockhauzschanze lub Fort Blockahaus. Wybudowali go Austriacy w 1741, krótko przed oblężeniem Nysy przez wojska Pruskie. Początkowo służył jako prosty szaniec palisadowy, otoczony wodą i wysunięty przed umocnienia twierdzy. W 1745 Prusacy przebudowali go na fort wodny w formie lunety.Zlokalizowany jest w parku miejskim, w maju 2008 zakończyła się jego gruntowna renowacja i rekonstrukcja.";"50.465549";"17.321426";"3"
;"Zamek obronny XIVw. W XVw warownia była własnością słynnego Zawiszy Czarnego. Do dziś zachowały się jedynie fragmenty murów i trzy kondygnacje czworobocznej wieży.";"49.437088";"20.325982";"3"
;"Zamek z XIV wieku, zachowany w całości. Wstęp na zamek płatny.";"49.916710";"20.470380";"3"
;"Nie ma dojazdu pod samą bramę ZOO.";"50.277279";"18.985775";"3"
;"Dolina Bolechowicka koło Krakowa(zespół Dolinek Podkrakowskich)";"50.152926";"19.787063";"3"
;"Park Etnograficzny połączony z Miasteczkiem Galicyjskim.";"49.614783";"20.733336";"3"
;"Zespół Katedralno zamkowy";"53.735753";"18.921890";"3"
;"Zamki, Działdowo, ";"53.234631";"20.182276";"3"
;"Pomnik Nieznanego Żołnierza  Przedstawiający Ogromną Rękę  Miejscowi nazywają te miejsce Łapą";"53.263005";"20.197033";"3"
;"Synagoga zbudowana w 1856 roku.Na apsydzie synagogi znajduje się tablica pamiątkowa upamiętniająca dawne przeznaczenie budynku.Treść w języku polskim i hebrajskim brzmi: Synagoga w latach 1856-1939";"53.313320";"17.937111";"3"
;"Cmentarz żydowski w Koronowie - został założony w 1817 roku i zajmuje obszar 0,36 ha na którym zachowało się kilkadziesiąt nagrobków i resztki ceglanego muru. Wśród płaskorzeźb nagrobnych występują - obok symboli typowych dla żydowskiej sztuki sepurlkralnej - także symbole zaczerpnięte ze sztuki chrześcijańskiej (np. znak Bożej Opatrzności).Cmentarz został wpisany do rejestru zabytków.";"53.312390";"17.950673";"3"
;"Kolegiata Wniebowzięcia Najświętszej Maryi Panny w Koronowie - kościół pocysterski(zespół klasztorny cystersów ) XIII-XIV wiek, trzynawowa bazylika powstała w trzech etapach z szeregiem kaplic, przebudowana XVII wiek, bogate wyposażenie barokowe z przełomu XVII i XVIII wieku, szereg obrazów i rzeźb, m.in. gotycka rzeźba Matki Boskiej z XIV-XV wieku, a w ołtarzu głównym z końca XVII wieku obrazy z 1647 pędzla Bartłomieja Strobla. Kościół wyróżnia się różnorodnością sklepień: w prezbiterium - gotyckim, w nawie głównej - barokowym sklepieniem kolebkowym z lunetami, a w transepcie pośrodku - krzyżowym, w ramionach, kolebkowym i w nawach bocznych - krzyżowym. Siedziba Koronowskiej Kapituły Kolegiackiej.";"53.309063";"17.935030";"3"
;"Elektrownia Wodna ...jedna z pierwszych w powojennej Polsce...działa do dziś.";"53.276351";"17.955265";"3"
;"13-metrowy pomnik upamiętniający zwycięstwo w bitwę pod Koronowem wojsk polskich nad Krzyżakami, 10 października 1410 r., w rejonie wsi Wilcze - Łąsko Wielkie.";"53.320947";"17.923496";"3"
;"Góra Łokietka - punkt z którego widać panoramę miasta.";"53.309262";"17.932562";"3"
;"Zespół pałacowo - parkowy z wieżą widokową.Neogotyk.";"53.386451";"19.135695";"3"
;"LIPOWIEC - dawna twierdza biskupów krakowskich.Góra zamkowa o   wysokości 362 m n.p.m. piętrzy się nad wsią Babice i powstałym w roku   1973 w Wygiełzowie (dawniej Lipowcu) Nadwiślańskim Parkiem   Etnograficznym.Wieża z tarasem widokowym.Zwiedzanie płatne.";"50.076893";"19.444947";"3"
;"Zamek Tęczyn (Tenczyn) położony jest we wsi Rudno 6 km na połudn.zachód od Krzeszowic.Potężne ruiny położone są na szczycie góry, która była kiedyś wulkanem, na wys. 411 m n.p.m.";"50.102069";"19.581499";"3"
;"Zamek Książ (niem. Fürstenstein) trzeci co do wielkości w Polsce Zbudowany w XIII w.zapewne z inicjatywy Bolka I. Zamek zachował się w całości, zwiedzanie płatne";"50.842404";"16.292327";"3"
;"Zamek Janowiec wybudowany w I poł. XVI wieku przez Mikołaja Firleja i jego syna - Piotra Firleja.zachowany w postaci trwałej ruiny. Zwiedzanie płatne.";"51.324577";"21.892383";"3"
;"Egzotarium  tel.032299-64-45";"50.283059";"19.104924";"3"
;"Muzeum im. Ireny i Mieczysława Mazarakich.Budynek Muzeum pochodzi z końca XVI w. Był lamusem dworskim Ligęzów.Zachował pewne cechy renesansu jak łuk sklepieniowy parteru. tel. (0-32) 623 51 73";"50.143569";"19.401994";"3"
;"Dom Urbańczyka , Dom usytuowany jest w niewielkim ogrodzie. Budynek pochodzi z końca XIX wieku i jest ciekawym przykładem małomiasteczkowego budownictwa willowego o wyraźnych cechach regionalnych.tel. (0-32) 623 43 07";"50.141864";"19.402016";"3"
;"Klasztor Karmelitów Bosych   , tel. (0-33) 873 21 87";"49.879060";"19.488769";"3"
;"Zabytkowa Kopalnia Soli  Sekretariat  tel. 12 278 73 75  fax 12 278 73 80  e-mail: sekretariat@kopalnia.pl  http://www.kopalnia.pl";"49.982785";"20.056507";"3"
;"Muzeum Ziemi Przemyskiej";"49.783023";"22.771750";"3"
;"Muzeum Archidiecezjalne im. św. J.S. Pelczara";"49.780654";"22.770752";"3"
;"Zamek Kazimierzowski w Przemyślu";"49.780314";"22.765806";"3"
;"Zespół Zamkowo-Parkowy wraz z hotelem";"49.776580";"22.652971";"3"
;"MUZEUM W PIOTRKOWIE TRYBUNALSKIM  tel. 0-44 646-52-72, 0-44 646 43 55";"51.409097";"19.700868";"3"
;"Muzeum Twierdzy Przemyskiej";"49.781977";"22.766783";"3"
;"Zwany jest polskim Carcassonne ze względu na bogactwo architektury - kamienne mury, baszty obronne, kościół ze studnią tatarską, dawny dom kata miejskiego.";"50.463252";"17.003900";"3"
;"Dolina Mnikowska krajobrazowy rezerwat przyrody. Obejmuje wąwóz w dolinie niewielkiej rzeki Sanki. gmina Liszki";"50.066666";"19.700000";"3"
;"Sztolnia Czarnego Pstraga. W podziemiach Sztolni &amp,#8211, wspaniała sceneria tajemniczości, podziemny przepływ łodziami w świetle migocących lamp karbidowych, dostarczający niezapomnianych wrażeń";"50.435613";"18.807649";"3"
;"Zamek z doskonale zachowanymi podziemiami, leży nad samym Bugiem przy granicy z Ukrainą.";"50.681667";"24.054565";"3"
;"Twierdza Kłodzka , w części udostępniona dla zwiedzających, stanowi jedną z głównych atrakcji turystycznych Kłodzka tel. 074/ 867 34 68";"50.443314";"16.652559";"3"
;"Zamki, Krupe, ";"51.036212";"23.237457";"3"
;"Piękny widok, który rozpościera się na Przemyśl";"49.799189";"22.771954";"3"
;"Rynek średniowieczny bardzo ładnie zachowany z fantanną.";"49.782220";"22.769047";"3"
;"Zamek Kazimierzowski.Murowany zamek w stylu gotyckim, który został wzniesiony po roku 1340 na Wzgórzu Zamkowym był w swej późniejszej historii wielokrotnie przebudowywany.";"49.780439";"22.766541";"3"
;"Pałac Goetz-Okocimskich,    wybudowany został w latach 1898-1900   Neorokokowy pałac przemysłowca Jana II Albina Goetza -Okocimskiego";"49.970531";"20.609643";"3"
;"Arboretum i Zakład Fizjografii   , (Zamek), tel. (0-16) 671 64 25";"49.793011";"22.776310";"3"
;"Dziki Zachód  Centrum rozrywki i jazdy konnej  Mini Zoo";"54.145545";"15.556468";"3"
;"Zoo, Zamość, ";"50.714700";"23.238830";"3"
;"Zoo, Malbork, ";"54.040700";"19.003600";"3"
;"Zoo, Białystok, ";"53.120670";"23.165930";"3"
;"+48 (56) 622-4210";"53.009360";"18.591190";"3"
;"+48 (56) 622-4210";"52.261760";"21.015580";"3"
;"+48 (71) 348-3024";"51.104949";"17.074170";"3"
;"+48 (24) 366-0511";"52.537010";"19.701520";"3"
;"ul. Zwierzyniecka 19,   60-814 Poznań PL  tel. (+48-61) 847 23 97, 848 08 47, 848 08 63";"52.408430";"16.906470";"3"
;"romański kościół Imienia Najświętszej Maryi Panny z końca XII wieku";"52.800089";"18.264126";"3"
;"Miejsca Godne Zwiedzenia, Konewka, Bunkier";"51.569707";"20.153560";"3"
;"Miejsca Godne Zwiedzenia, Tum, Kolegiata";"52.055604";"19.241137";"3"
;"Rezerwat Łagiewniki   piękna flora i fauna  dużo gatunków roślin chronionych  zwierzęta(dziki,sarny,lisy)";"51.832621";"19.477472";"3"
;"Niebieskie Źródła";"51.512588";"20.027904";"3"
;"Wodospady, Sopotnia Wielka, ";"49.584820";"19.301140";"3"
;"Wodospady, Malinka, Wodospad";"49.619960";"18.917080";"3"
;"Wodospad Podgornej";"50.803900";"15.668470";"3"
;"Wodospad Szklarki";"50.829510";"15.554880";"3"
;"Wodospad na rz. Szum";"50.506980";"22.975210";"3"
;"Wodospad na rzece Dolzycy";"49.327650";"22.030170";"3"
;"Wodospad na rzece Hylatym";"49.207740";"22.554680";"3"
;"Wodospad Kamienczyka";"50.813720";"15.497010";"3"
;"Wodospad Lomniczki";"50.742990";"15.727470";"3"
;"Wodospad (Kaskady w Steznicy)";"49.316160";"22.321020";"3"
;"Wodospad (Kaskady na potoku Nasicznianskim)";"49.171030";"22.596250";"3"
;"Wodospad na Hulskim";"49.219350";"22.509780";"3"
;"Wodospad (Srebrne Kaskady)";"50.775030";"15.655730";"3"
;"Muzeum Ludowe w budynku dawnej karczmy  żydowskiej";"51.085632";"19.875351";"3"
;"Zamek Habsburgów  Punkt wskazany na dziedziniec zewnetrzny pomiedzy starym zamkiem, a nowym zamkiem. Dziedziniec zewnetrzny otoczony jest od polnocy, wschodu i poludnia czesciowo przez oficyny (wozownia od polnocy, oficyne mieszkalna pln.-wsch.), czesciowo przez palac Habsburgow (nowe skrzydlo na pld. od bramy wjazdowej i stare skrzydlo - poludniowa czesc zabudowy). Na poludnie od zamku znajduje sie zabytkowy park z domkiem chinskim.  W starym zamku znajduje sie Muzeum Miejskie w Żywcu.";"49.688158";"19.200527";"3"
;"Pokaźnych rozmiarów replika dinozaura - diplodoka. Zwierze imponuje wyglądem - ma 15 metrów długości , jest wysokie na 6 metrów i od czasu do czasu groźnie porykuje. Postać potężnego gada stoi tuż obok schroniska młodzieżowego oraz nowej wieży widokowej - z której przy ładnej pogodzie można dostrzec Tatry.";"49.963050";"21.447090";"3"
;"Muzeum i skansen S.Reymonta";"51.896530";"19.939160";"3"
;"Skansen(stare chałupki łowickie),zbiór różnych narzędzi rolniczych itp.";"52.133909";"19.863281";"3"
;"XVIII wieczny park w stylu angielskim,wśród zieleni kryją się gotyckie wieżyczki,Akwedukt,Domek Gotycki,  główna budowla parku-Świątynia Diany z 1783r.";"52.076710";"20.007905";"3"
;"Piękny Pałac i otaczający go Park w stylu francuskim";"52.076868";"20.069103";"3"
;"Kaplica św.Antoniego wzniesiona w 1676r.oraz Kaplica św Rocha wzniesiona na początku XVIIIwieku.";"51.845256";"19.479146";"3"
;"Największa i najpiękniejsza z sudeckich jaskiń.Ze względu na wyjątkowe piękno nazywana jest 'Perłą Ziemi Kłodzkiej'";"50.234166";"16.834166";"3"
;"Wodospad Szklarki. Przełomem rzeki Kamiennej.";"50.827205";"15.526235";"3"
;"Zespół pokrzyżackich zabudowań zamkowych (zamek główny i przedzamcze)";"53.106830";"18.462899";"3"
;"Kościół w Tatyni - konstrukcja ryglowa";"53.569459";"14.512295";"3"
;"Kościół w Niekłończycy - barokowy, konstrukcja ryglowa";"53.617796";"14.507349";"3"
;"www.panoramio.com/photo/19505610";"53.114444";"19.048333";"3"
;"Pałac zbudowany w latach 1773-1783 dla króla Stanisława Augusta Poniatowskiego.  Stadnina koni.  Miłe miejsce na odpoczynek.";"52.102393";"19.663810";"3"
;"Arboretrum  Muzeum Drzewa i Lasu";"51.822675";"19.900606";"3"
;"Zamek z połowy XVw. jest jedną z najlepiej zachowanych późnogotyckich siedzib rycerskich w Polsce.  Piękny otaczający park do zwiedzania.";"52.264222";"19.565750";"3"
;"Zamki, Chudów, ";"50.223963";"18.772630";"3"
;"Zamek jest w takim stanie, że raczej nigdy nie będzie miał już własnego adresu";"50.613275";"19.492963";"3"
;"Zamki, Będzin, ";"50.327144";"19.129036";"3"
;"Lunapark - Stacjonarne Wesołe Miasteczko we Wrocławiu";"51.106270";"17.049493";"3"
;"Zoo, Świerkocin, ";"52.662680";"14.994664";"3"
;"Miejsca Godne Zwiedzenia, Nowiny Wielkie, ";"52.671944";"14.998333";"3"
;"Zespół Zamkowo Parkowy";"49.776026";"22.651147";"3"
;"Zamek Tarnowskich";"50.579444";"21.676666";"3"
;"Galindia. Jak za Wikingów";"53.735119";"21.562794";"3"
;"Miejski Ogród Zoologiczny we Wrocławiu  Tel: (071) 348 30 24      (071) 348 30 25      (071) 348 30 26  http://www.zoo.wroclaw.pl/";"51.105587";"17.076222";"3"
;"Tel. (071) 322 59 57  http://www.biol.uni.wroc.pl/obuwr/index.html";"51.116939";"17.047905";"3"
;"Muzeum Poczty i Telekomunikacji  Tel. (071) 343 67 65     (071) 346 95 82  http://www.muzeum.wroclaw.pl";"51.108250";"17.044193";"3"
;"PANORAMA RACŁAWICKA  http://www.panoramaraclawicka.pl/";"51.110231";"17.044365";"3"
;"Zamek Krzyżtopór";"50.714144";"21.309370";"3"
;"30 Niezniszconych Bunkrów Kwatery Głównej Niemieckich Wojsk Lądowych";"54.185477";"21.649219";"3"
;"Wilczy Szaniec - Kwatera Główna Hitlera w Latach 1941 - 1944";"54.079577";"21.493938";"3"
;"Rezerwat przyrodniczo-wykopaliskowy";"51.062544";"19.765863";"3"
;"Zamek,basen odkryty,mini wesołe miasteczko dla dzieci";"51.971821";"18.788509";"3"
;"Ruiny zakładu wielkopiecowego(huta) z lat 1818-1822";"50.991388";"20.624166";"3"
;"Wzniesiony ok. 1350 r. przez Kazimierza Wielkiego";"52.445083";"15.572250";"3"
;"Największa w Polsce kolekcja portretu trumiennego prezentowana była na wielu wystawach za granicą, m. in. w Paryżu, Londynie, Zurychu, Rzymie, Moskwie, Helsinkach i Bonn.    telefon: (95)742-18-50  faks: (95)741-25-67";"52.444750";"15.573027";"3"
;"Najwyższy wiadukt w Polsce.";"54.297419";"22.654966";"3"
;"Pokazowa Zagroda Żubrów    Biuro Informacji Turystycznej oraz Rezerwacja biletów - 032 793 69 22  Biuro Zagrody - 032 793 69 33 http://www.zubry.pszczyna.pl/";"49.980143";"18.933616";"3"
;"Skansen Zagroda Wsi Pszczyńskiej    Telefon - 604-508-718  e-mail: skansen.pszczyna@tlen.pl  http://www.skansen.pszczyna.pl/";"49.978273";"18.951094";"3"
;"Ruiny Zamku Krzyżackiego.";"53.257781";"19.398883";"3"
;"Ruiny zamku Drahim. Po zamku pozostaly jedynie ruiny, o wyszczerbionych murach wysokich na ok. 9 metrow. Wewnatrz murow widac zajmujacy 1/3 dziedzinca zarys muru, ktory jest pozotaloscia pallatium (czesc mieszkalna zamku).   Obecnie na dziedzincu znajduje sie zabudowa sredniowieczna. Odbywaja sie na nim turnieje rycerskie  Zamek jest udostepniony do zwiedzania";"53.600919";"16.195938";"3"
;"Góra Chełmska, wieża widokowa - piękne widoki na miasto i morze. Sanktuarium";"54.207448";"16.226221";"3"
;"Chełmskie Podziemia Kredowe Labirynt";"51.133012";"23.471453";"3"
;"Zamki, Zawieprzyce, po lewo ruiny";"51.351522";"22.763285";"3"
;"Resztki drewnianego wiatraka";"53.419923";"23.695535";"3"
;"Zabytkowy Spichlerz z początku XX wieku - pozostałości folwarku Radziwiłów którego początki sięgały połowy XIX wieku";"50.461472";"21.404677";"3"
;"ZABYTKOWA LATARNIA MORSKA";"54.406236";"18.661721";"3"
;"Resztki dworku Heinz&#039,a Wilhelm&#039,a Guderiana&#039,a";"53.588378";"16.545978";"3"
;"Dom Oficera.  Zbudowany przez Niemców w latach 1934-36 reprezentacyjny budynek garnizonu Gross Born.   W 'okresie radzieckim' historii miasta (1945-1992) obiekt nosił nazwę GARNIZONOWY DOM OFICERÓW i pełnił funkcję centrum kulturalnego miasta.  Ciekawostką jest pozostawiony przez Ruskich herb z rycerzem na koniu trzymającym flagę ze SWASTYKĄ. Obecnie ruina ale nieoficjalnie można pobuszować, warto.";"53.585818";"16.548811";"3"
;"Ruiny poradzieckich spichlerzy.";"53.579894";"16.528898";"3"
;"Zoo, Łódź, ";"51.763982";"19.412434";"3"
;"Twierdza Boyen w Giżycku powstała w latach 1843 &amp,#8211, 1855 jako obiekt blokujący strategiczny przesmyk pomiędzy jeziorami Niegocin i Kisajno.";"54.032578";"21.748681";"3"
;"Zamek Krzyżacki";"53.938595";"21.546007";"3"
;"zabytkowy kościółek";"53.991889";"15.034167";"3"
;"Piękny widok na Tatry";"49.262115";"20.090527";"3"
;"Wieża wyciągowa do transportu wsadu wielkopiecowego do przetapiania rudy z 1798 roku";"50.488950";"19.340008";"3"
;"Zamek królewski w Olsztynie k/Częstochowy";"50.750603";"19.272916";"3"
;"Muzeum Archeologiczno-Historyczne - budynek elbląskiego muzeum mieści się na terenie dawnego Zamku Krzyżackiego.";"54.156652";"19.393333";"3"
;"Ładne Widoki, Mieroszów, ";"50.671871";"16.209694";"3"
;"66-300 Międzyrzecki Rejon Umocniony   www.bunkry.pl";"52.371242";"15.502807";"3"
;"Muzeum Archeologiczno-Historyczne tel (076) 8341081, fax (076) 8333038,  godzinach: 10.00 - 17.00";"51.667169";"16.090738";"3"
;"Pałac i mury obronne zbudowane w latach 1615-1622";"51.677407";"22.642655";"3"
;"Kościół Św. Marcina z 1257 r.";"51.972843";"17.501687";"3"
;"Miejsca Godne Zwiedzenia, Jarocin, Skarbczyk";"51.973667";"17.502390";"3"
;"Ładne Widoki, Brzostków, Taras widokowy";"52.091019";"17.564113";"3"
;"Pałac w Śmiełowie - muzeum";"52.106362";"17.571065";"3"
;"Pałac Radolińskich";"51.975570";"17.503076";"3"
;"Klasztor OO. Franciszkanów";"51.963006";"17.512314";"3"
;"Renesansowy zamek wybudowano w 1558 roku według projektu Jana Lindnera. Przebudowany w 1725 roku i powiększony w wieku XIX. Po remoncie w latach 1958-60 mieści się w nim muzeum.";"51.708640";"15.910330";"3"
;"Były Obóż Zagłady Bełżęc";"50.369267";"23.459887";"3"
;"Zalew Machowski";"50.548798";"21.637042";"3"
;"Ładne Widoki, Wilcza Wola, ";"50.336564";"21.941199";"3"
;"Zamki, Baranów Sandomierski, ";"50.502110";"21.534098";"3"
;"Zamek Krzyżacki.";"53.834519";"18.827508";"3"
;"Muzeum Lubelskie na Lubelskim Zamku";"51.250533";"22.571572";"3"
;"Skansen rzeczy niezwykłych takich jak: najdłuższa deska świata wpisana do księgi rekordów Guinnesa, Dom do góry nogami, Dom Sybiraka, Bunkier Gryf Pomorski i inne. Miejsce ciekawe, ale jak dla mnie to panuje tam za duży chaos.";"54.206319";"18.108469";"3"
;"Kaszubski Park Miniatur - przedstawiający miniatury budynków zarówno z regionu kaszubskiego jaki innych rejonów Polski i świata.";"54.398938";"18.044388";"3"
;"Fokarium jako Instytutu Oceanografii Uniwersytetu Gdańskiego zajmuje się odtworzeniem i ochroną kolonii fok szarych w rejonie południowego Bałtyku. Przed zwiedzaniem proponuję zaopatrzyć się w monety 2 zł - przed wejściem są bramki przyjmujące jedynie takie monety. W przeciwnym przypadku należy rozmienić pieniądze w odpowiednim urządzeniu do którego jest długa kolejka.";"54.607019";"18.800327";"3"
;"Kolegiata pw. Wniebowziecia NMP to koscioł zlokalizowany na terenie bylego zakonu Kartuzow. Została zbudowana w latach 1383 - 1403. Obecnie jest kosciolem parafialnym. Po zakonie kartuzow pozostało niewiele budynkow.";"54.335538";"18.191658";"3"
;"Widok na lotnisko.";"52.165750";"20.951810";"3"
;"Ładne Widoki, Warszawa, ";"52.170540";"20.942680";"3"
;"Fortyfikacje, Świnoujście, Fort Gerharda";"53.916670";"14.284820";"3"
;"Fortyfikacje, Świnoujście, Fort Anioła";"53.914847";"14.273486";"3"
;"czerwony most kolejowy, dojście pieszo";"54.113126";"16.703016";"3"
;"Latarnia Morska, wysokość 68 m.";"53.915829";"14.284183";"3"
;"Prywatna Galeria Aleksego Matczaka w Idzikowicach  99 - 205 DALIKÓW  Obrazy olejne oraz rzeźby wykonane w glinie, drewnie i kamieniu, a przedstawiające człowieka, przyrodę, sceny biblijne i historyczne, panorama bitwy pod Dalikowem.";"51.949740";"19.095531";"3"
;"MUZEUM POWSTANIA WARSZAWSKIEGO    ul. Grzybowska 79    tel.: +48 22 539 79 05, +48 22 539 79 06, fax: +48 22 539 79 24    e-mail: biuro@1944.pl";"52.232550";"20.981050";"3"
;"Świnoujski Wiatrak - Stawa Młyny to znak nawigacyjny w kształcie wiatraka, znajdujący się na końcu falochronu przy wejściu do portu.Zbudowano go w 1823 roku. Jest to symbol miasta, a przy okazji jedno z najczęściej odwiedzanych miejsc w Świnoujściu.";"53.926250";"14.277420";"3"
;"Góra Gradowa - najlepszy punkt widokowy w Śródmieściu. Na górze (46 m.n.p.m.) znajduje się Krzyż Milenijny.";"54.357660";"18.640220";"3"
;"MUZEUM NA ZAMKU W PIESKOWEJ SKALE  Oddział Muzeum Zamku Królewskiego na Wawelu  http://www.pieskowaskala.pl";"50.244290";"19.780280";"3"
;"Muzeum Historyczne Miasta Krakowa PODZIEMIA RYNKU   www.podziemiarynku.com";"50.061940";"19.937860";"3"
;"Muzeum Bursztynu, tel. (58)3014733. Cena biletu normalnego 10 zł.";"54.349790";"18.647440";"3"
;"Muzeum Historyczne Miasta Gdańska";"54.348780";"18.652560";"3"
;"Muzeum Historycznego Miasta Krakowa  Pałac Kszysztofory.Wystawa z Dziejów i Kultury Krakowa. Corocznie tam ma miejsce wystawa pokonkursowa szopek krakowskich";"50.062690";"19.936910";"3"
;"Muzeum Stutthof, tel:(55)2478353, fax: (55)2478358, email:stutthof@stutthof.pl";"54.327990";"19.153930";"3"
;"Kaplica p.w. św. Jana Nepomucena, 1803 r., drew., przy źródłach Warty";"50.492972";"19.494277";"3"
;"Muzeum Śląska Cieszyńskiego  tel.: 033 851-29-33";"49.748200";"18.633640";"3"
;"Ogród Fauny Polskiej";"53.160900";"18.038260";"3"
;"Miejsca Godne Zwiedzenia, Wolsztyn, Parowozownia";"52.107410";"16.113830";"3"
;"Będąc w Gdańsku, nie można nie odwiedzić Katedry Oliwskiej, z jej 23 pięknymi ołtarzami i słynnymi na całym świecie organami. Nie mogło jej zabraknąć wśród nominowanych do 7 cudów Trójmiasta.";"54.410790";"18.558520";"3"
;"Wzgórze Cytadela. Przepiękny, rozległy park położony na północ od Starego Miasta, powstały w miejscu XIX-wiecznej Cytadeli na terenie dawnego fortu pruskiego.";"52.418940";"16.932590";"3"
;"Ratusz w Poznaniu jest jednym z najcenniejszych obiektów renesansowych w Europie Środkowej.";"52.408600";"16.934150";"3"
;"Muzeum KL Birkenau";"50.034430";"19.180760";"3"
;"Muzea i Skanseny, Kłobka, Skansen";"52.448450";"19.123620";"3"
;"Rezerwat wyrobisk gorniczych i sladow";"50.973500";"21.494360";"3"
;"Muzea i Skanseny, Żelazowa Wola, Muzeum Chopina";"52.258390";"20.309740";"3"
;"Muzeum Narodowe";"54.345310";"18.647300";"3"
;"Westerplatte &#8211, półwysep w Gdańsku. W latach 1926-39 na terenie półwyspu funkcjonowała Wojskowa Składnica Tranzytowa, której obrona we wrześniu 1939 stała się jednym z najbardziej znanych symboli polskiego oporu przeciw hitlerowcom.";"54.406700";"18.666950";"3"
;"W bezpośrednim sąsiedztwie półwyspu Westerplatte, znajduje się unikalny zabytek sztuki fortyfikacyjnej &#8211, Twierdza Wisłoujście. Nazwa Wisłoujście wywodzi się z czasów, gdy ujście Wisły znajdowało się bezpośrednio na północ od Twierdzy Wisłoujście. Miejsce to stanowiło ważny z punktu widzenia strategicznego teren, skąd można było kontrolować ruch statków wychodzących i wchodzących do Gdańska.";"54.395890";"18.679110";"3"
;"Muzeum Stoczni Gdańskiej Solidarność-wystawa pt.Drogi do Wolności to najsłynniejsza gdańska wystawa, multimedialna ekspozycja polskiej historii z lat 1956-1989.";"54.358360";"18.647600";"3"
;"Brama Żuraw nad Motławą &#8211, dźwig portowy Gdańska usadowiony pomiędzy pylonami Bramy.";"54.350600";"18.657490";"3"
;"Pomnik Poległych Stoczniowców 1970 &#8211, monument w postaci trzech krzyży z kotwicami, upamiętniający ofiary grudnia 1970 roku i znajdujący się w pobliżu bramy drugiej, niedaleko miejsca, gdzie padli pierwsi trzej zabici, odsłonięty 16 grudnia 1980 roku.";"54.360540";"18.649030";"3"
;"Gdańska Starówka z Fontanną Neptuna, Ratuszem, Złotą i Zieloną Bramą i wieloma innymi zabytkami i atrakcjami.";"54.348540";"18.653220";"3"
;"Statek-muzeum SS Sołdek-Oddział Centralnego Muzeum Morskiego.";"54.351470";"18.658640";"3"
;"Centralne Muzeum Morskie.";"54.350880";"18.658920";"3"
;"Muzeum Zalewu Wiślanego.";"54.340410";"19.232380";"3"
;"Rezerwat przyrody Mewia Łacha, utworzony w 1959 r. u ujścia Wisły do zatoki Gdańskiej. Podglądanie różnych gatunków ptaków, można też znalaźć piękny bursztyn.";"54.357760";"18.954160";"3"
;"Miejsca Godne Zwiedzenia, Oświecim, ";"50.039960";"19.219410";"3"
;"Molo w Sopocie im. Jana Pawła II &#8211, najdłuższe drewniane molo w Europie. Ma około pół kilometra długości.";"54.446460";"18.571810";"3"
;"Powstały w 2003 r. Krzywy Domek swoim charakterem nawiązuje do bajkowych rysunków Jana Marcina Szancera oraz Pera Dahlberga, a także projektów Gaudiego.";"54.444190";"18.566740";"3"
;"Opactwo Cystersów";"51.075120";"21.015600";"3"
;"Zabytkowa Kuźnia Wodna, tel.585525151. Drewniane zabudowania kuźni składają się z dwu części rozdzielonych przepływającym środkiem Potokiem Oliwskim. W każdej z części znajduje się piec grzewczy i młot napędzany odrębnym kołem wodnym. Dzięki zastosowaniu dźwigni przy obrocie wału następuje uniesienie młota o ciężarze około 250 kg. Młot ten spada następnie z wysokości około 40 cm na kowadło.";"54.406680";"18.538440";"3"
;"Zgromadzenie Sióstr Prezentek";"51.049560";"21.085080";"3"
;"Wieżyca 329,6 m n.p.m. Najwyższy szczyt na Niżu Europejskim od Atlantyku do Wzgórza Wałdaj w Rosji (343 m n.p.m). Na samym szczycie znajduje się trzypoziomowa, zadaszona wieża widokowa im. Jana Pawła II, licząca 35 m wysokości.";"54.223730";"18.123560";"3"
;"Wznoszony od 1400 do XVIIw, eklektyczny, wyposazenie wspolczesne, w scianach stare plyty nagrobne, w 1945 zniszczony, odbudowany 1988, Świecie    Stara Fara  Odcinek 16 Daleki patrol  W ruinach kościoła kręcone były sceny do odcinka 16.  Kamera pokazuje wieżę zachodnią, mury miejskie i wnętrza kompletnie  zrujnowanego kościoła(1970r";"53.400620";"18.448388";"3"
;"Ogrody botaniczne, Poznań, ";"52.419050";"16.878770";"3"
;"Startowisko,szybowce,lotnie,paralotnie,taras widokowy";"49.522136";"22.410177";"3"
;"Ładne Widoki, Lutowiska, Taras widokowy";"49.264530";"22.684777";"3"
;"Miejsca Godne Zwiedzenia, Kamień Leski, Kamień Leski";"49.468477";"22.357394";"3"
;"Cudowne źródełko,warto zwiedzić";"49.435755";"22.398502";"3"
;"Zapora w Solinie";"49.396610";"22.451400";"3"
;"Klasztor na Świętym Krzyżu";"50.859150";"21.053058";"3"
;"Kościół parafialny pod wezwaniem Matki Boskiej Bolesnej.";"50.865830";"18.143750";"3"
;"Ogród dendrologiczny w Lipnie - Jaczowice";"50.615180";"17.608850";"3"
;"Skansen Archeologiczny - Karpacka Troja";"49.732220";"21.432520";"3"
;"Zbiornik zaporowy";"50.630960";"21.059540";"3"
;"Schronisko Dębowiec.Panorama Bielska Białej.";"49.780530";"19.015370";"3"
;"Miejsca Godne Zwiedzenia, Kielce, ";"50.868150";"20.590380";"3"
;"Bożnio­wa Góra 402m n.p.m Widok panoramy Trzebini, zame­k Tenczyn w Rudnie, Chrzanów i Jaworzno. Na dalekim planie widać pasmo Karpat od Tatr po Beskidy z kulmi­nacją Babiej Góry.";"50.168950";"19.481120";"3"
;"Wieża Krzywoustego, tzw. Grzybek";"50.909410";"15.724310";"3"
;"Muzeum Mikołaja Kopernika. Bilety 6 zł., ulgowy 3.";"54.356760";"19.683220";"3"
;"Na szczycie wzgórza we Fromborku stoi gotycka katedra, opasana murami obronnymi i basztami, a jej wspaniała architektura przez wieki wzbudza podziw i zachwyt. Katedra kryje w sobie wiele pomników i pamiątek polskiej kultury - przepiękne ołtarze, obrazy, rzeźby i nagrobki.";"54.357010";"19.682150";"3"
;"Pałac w Leźnie-jest pięknie położonym obiektem, zlokalizowanym około 12 kilometrów od samego centrum Gdańska. Historia pałacu sięga XVIII wieku, jednak nie przetrwał on w dawnej formie i musiał być przebudowywany. Jednak pałac w Leźnie to nie tylko sam obiekt. Na cały kompleks zabytkowy składa się również otaczający go piękny park. Warto zauważyć, iż przywrócono dawną świetność obiektu w ciągu ostatnich kilku lat.";"54.344560";"18.433830";"3"
;"Dom Strażaka Przodkowo. Znajduje się tu jedyne na terenie województwa pomorskiego Muzeum Pożarnictwa, założone przez miejscowego komendanta straży pożarnej, Leona Deyka. Eksponaty pochodzą z różnych zakątków Polski. Do najciekawszych należą konne i ręczne sikawki drewniane, dawne motopompy, wozy strażackie, kaski, przedwojenne reklamy i sztandary.";"54.376620";"18.287660";"3"
;"Zamek krzyżacki w Pasłęku &#8211, zamek murowany został wybudowany przez Krzyżaków w XIV w. na miejscu wcześniejszych budowli obronnych.";"54.066860";"19.658810";"3"
;"43-450 Leśny Park Niespodzianek www.lesnypark.pl/";"49.719040";"18.830290";"3"
;"Zakon Najświętszego Odkupiciela .Klasztor Sióstr Redemptorystek Tel.: (33) 815-06-22  Fax: (33) 811-86-72";"49.831280";"19.017020";"3"
;"Muzeum Archeologiczne w Gdańsku. Centrum Edukacji Archeologicznej BŁĘKITNY LEW. Spichlerz Błękitny Baranek.";"54.344880";"18.655170";"3"
;"Zamek krzyżacki w Sztumie został wybudowany przez Zakon Krzyżacki w latach 1326-1331 w miejscu wcześniejszych umocnień pruskich. Powstał na niewielkiej wyniosłości, na wyspie pośrodku dawnego Jeziora Białego.";"53.914960";"19.039610";"3"
;"Ruiny zamku Krzyżackiego, w którym umęczono Juranda. Obecnie odbywają się tu turnieje rycerskie, można obejrzeć pozostałości po starym zamku. Jest tu ratusz z 46 m wieżą, na któą można wejść i podziwiać piękne widoki.";"53.566690";"20.989870";"3"
;"Wieża Ratusza miejskiego, ma 46 m wysokości, można na nią wejść i podziwiać piękne widoki. Widać całę Szczytno i piękne jeziora Domowe Duże i Domowe Małe.";"53.566060";"20.990700";"3"
;"Klasztor Mniszek Klarysek Kapucynek.";"53.569540";"21.006180";"3"
;"Rybina - żuławski węzeł wodny, położona nad rzeką Szakarpawą, jednym z najważniejszych szlaków wodnych na Pętli Żuław, z Gdańska na Zalew i do Elbląga. Znajduje sie tu most obrotowy kolei wąskotorowej, jedna z największych na Żuławach stacja pomp, rozgałęzienie szlaków wodnych - na Wisłę Królewiecką i Szkarpawę, most zwodzony na Wiśle Królewieckiej, most zwodzony na Szkarpawie.";"54.284810";"19.118120";"3"
;"Muzeum Pomorza Środkowego";"54.464340";"17.035050";"3"
;"Muzealna Zagroda Albrechta, http://www.muzeum.swolowo.pl, tel. 059 832 48 97";"54.477990";"16.839980";"3"
;"Parki Dinozaurów Łeba Park, http://www.lebapark.pl, tel. 600 145 300";"54.753090";"17.577910";"3"
;"Muzeum Motyli, w Wieży Widokowej III piętro, http://www.muzeummotyli.pl, tel. 050 232 90 66";"54.794340";"18.409660";"3"
;"Muzeum Przyrodniczo-Leśne Słowińskiego Parku Narodowego, tel. 059 811 73 39 wew.331";"54.661240";"17.217950";"3"
;"Muzeum Wsi Słowińskiej, http://www.muzeumkluki.pl, tel. 059 846 30 20";"54.682180";"17.333060";"3"
;"Wieża widokowa we Wdzydzach Kiszewskich. Obiekt ma 36 metrów i można z niego podziwiać krajobraz jezior wdzydzkich. Wstęp na wieżę jest bezpłatny. Od sezonu 2011 będą prawdopodobnie wprowadzone bilety wstępu.";"54.013380";"17.920640";"3"
;"Skansen - Kaszubski Park Etnograficzny. Drugie wejście znajduje się od strony lasu jadąc od Gołunia. Tam też jest duży parking. Bilety normalny 15 zł, ulgowy 9 zł. Przewodnik 50 zł.";"54.011550";"17.939330";"3"
;"Jura Park. Skansen z parkiem dinozaurów.Na miejscu wiele atrakcji dla dzieci i dorosłych.";"51.017220";"21.547700";"3"
;"Latarnia morska w Sopocie. Udostępniona do zwiedzania, można z niej podziwiać morze, molo i część Sopotu.";"54.445400";"18.570480";"3"
;"Willa Juliana Fałata:";"49.762110";"19.060730";"3"
;"Muzeum Techniki i Włókiennictwa:";"49.819710";"19.045110";"3"
;"Muzea i Skanseny, Bielsko-Biała, Dom Tkacza:";"49.820060";"19.035340";"3"
;"Muzeum Narodowe oddział w Gdańsku Zielona Brama";"54.347684";"18.655536";"3"
;"Rudzka Góra. Świetny punkt widokowy na miasto Łódź i okolice. W pobliżu dodatkowe atrakcje.";"51.708490";"19.442040";"3"
;"Muzeum Mazurskie.";"53.566260";"20.990350";"3"
;"Moszna położona jest na szlaku komunikacyjnym łączącym Prudnik z Krapkowicami. Nazwa wioski pochodzi prawdopodobnie od nazwiska Moschin, rodziny przybyłej do parafii Łącznik w XIV wieku. Jak głosi legenda, Moszna w średniowieczu należała do Zakonu Templariuszy.  Moszna - Zamek  Moszna ul. Zamkowa 1  47 - 370 Zielina";"50.436950";"17.766390";"3"
;"Zamek Krzyżacki w Węgorzewie został wybudowany w 1398 r. Obecnie niedostępny dla zwiedzania. Zamek jest w prywatnych rękach.";"54.210320";"21.741340";"3"
;"Pałac Branickich w Białymstoku";"53.130558";"23.164983";"3"
;"16-010 Białostockie Muzeum Wsi, Skansen Wsi Podlaskiej.";"53.175555";"23.149166";"3"
;"16-010 Jurajski Park Dinozaurów w Jurowcach";"53.185052";"23.149480";"3"
;"Fort VIII Łętownia: fort podstawowy II Pierścienia, to jeden z najlepiej zachowanych fortów Twierdzy Przemyśl";"49.810720";"22.713140";"3"
;"Stacja Morska i Fokarium, które prowadzi prace nad odbudową populacji foki szarej i morświna w Bałtyku. Cena biletu normalnego: 2 zł, fokarium otwarte jest codziennie: 9:30 - 19:00, karmienie fok-11:00, 14:00";"54.607210";"18.799840";"3"
;"KLUB GARNIZONOWY HEL Sala Tradycji i Skansen Broni Morskiej, przy kasynie żołnierskim. Godziny otwarcia skansenu 9.00-16.00.";"54.608730";"18.805370";"3"
;"MUZEUM RYBOŁÓWSTWA.";"54.604480";"18.802560";"3"
;"Muzeum Obrony Wybrzeża (MOW) założone i prowadzone przez Stowarzyszenie Przyjaciele Helu. Muzeum czynne cały rok, ale od października do marca tylko grupy pow. 15 osób po telefonicznym ustaleniu (697 88 85 83). Ceny biletów to kilka zł (1 - 8, rodzinny 20. http://helmuzeum.pl";"54.623010";"18.801660";"3"
;"Latarnia morska w Helu. Piękny widok na Morze Bałtyckie i Zatokę Gdańską. Wysokość wieży - 41,5 m (czerwona ośmioboczna wieża z galerią). Telefon: 586750617. Godziny otwarcia: 1.07.2011 - 31.08.2011. Poniedziałek - niedziela 10:00&#8211,14:00 i 15:00-19:00, 1.09.2011 - 2.10.2011. Poniedziałek - niedziela 10:00&#8211,14:00 i 15:00-18:00. Ceny biletów: Normalny: 6 zł, ulgowy 4 zł.";"54.600310";"18.812300";"3"
;"Zamek Rabsztyn, obecnie w ruinie. udostępniony do zwiedzania- wstęp 1 zł.";"50.299370";"19.592940";"3"
;"Muzeum Inżynierii Miejskiej";"50.049444";"19.947222";"3"
;"Zamek Gołuchowski jest siedzibą oddziału poznańskiego Muzeum Narodowego";"51.853038";"17.936425";"3"
;"Muzeum Ziemi Lubuskiej.";"51.941720";"15.508660";"3"
;"Zamek Siewierz obecnie w ruinie, udostępniony do zwiedzania - bezpłatnie";"50.467420";"19.242060";"3"
;"Twierdza Boyen. WWW.BOYEN.GIZYCKO.PL, Twierdza Boyen w Giżycku powstała w latach 1843 &#8211, 1855 jako obiekt blokujący strategiczny przesmyk pomiędzy jeziorami Niegocin i Kisajno. Zwiedzając Giżycko nie można pominąć Twierdzy Boyen.";"54.032780";"21.748900";"3"
;"Zamek w Niedzicy (również nazywany Dunajcem)zachował się praktycznie w całości.Wstęp płatny, grupy zorganizowane z przewodnikiem. Cena 9 zł (7 zł ulgowy), spichlerz 2 zł. W sezonie od 9.00 do 18.30. Poza sezonem w poniedziałek oraz święta nieczynne i wejście tylko do 15.30.";"49.422480";"20.319600";"3"
;"Zamek Królewski. Początki Zamku sięgają XIV w. We wrześniu 1939 r. został zbombardowany..We wrześniu 1944 r. Zamek został wysadzony przez wojska niemieckie. W 1984 r. udostępniono zwiedzającym zrekonstruowane wnętrza.";"52.247720";"21.013880";"3"
;"W zamku hotel, restauracja, spotkania z kulturą, konferencje, szkolenia, przyjęcia weselne i wiele innych imprez kulturalno-rozrywkowych.";"54.048380";"21.147450";"3"
;"Wiadukt kolejowy w Bolesławcu nad rzeką Bóbr. Obiekt w całości wykonany jest z kamienia. Jest jednym z najdłuższych tego typu wiaduktów w Polsce i w całej Europie.";"51.268230";"15.553370";"3"
;"Dolina Mnikowska.Krajobrazowy rezerwat przyrody.Przez dolinę prowadzi wygodna trasa rowerowa i ścieżka turystyczna, przystosowana również dla turystów niepełnosprawnych.";"50.065690";"19.707500";"3"
;"Dolina Będkowska jedna z najdłuzszych dolinek w okolicach Krakowa.U podnóża Sokolicy w Dolinie B. znajduje się pole namiotowe i gospodarstwo agroturystyczne Brandysówka";"50.173197";"19.740769";"3"
;"34-443 Spływ Przełomem Dunajca- początek spływu, przystań flisacka. http://www.pieniny.net.pl/atrakcje/splyw-dunajcem/, flisacy.com.p";"49.407060";"20.366810";"3"
;"Zamki Pałac Dohnów.";"53.911800";"19.925650";"3"
;"Zamek Biskupów Warmińskich. Okazały zamek gotycki. Jeden z najstarszych i najcenniejszych zabytków Lidzbarka Warmińskiego.";"54.125420";"20.583480";"3"
;"Smocza Jama-Jaskinia pod Wzgórzem Wawelskim, według legendy zamieszkiwana niegdyś przez Smoka Wawelskiego";"50.053090";"19.933600";"3"
;"Rynek Główny - Największy średniowieczny plac Europy ma wymiary 200 m na 200 m.  http://www.krakow.pl/trasy_turystyczne/1190,artykul,_spacer_1__rynek_glowny.html";"50.061550";"19.937850";"3"
;"Muzea i Skanseny, Bełżec, ";"50.372790";"23.456370";"3"
;"Mini zoo \'KUCYK\'";"49.876148";"19.409487";"3"
;"Schronisko dla Bezdomnych Zwierząt otwarte jest dla odwiedzających codziennie (także w soboty i niedziele) w godz. od 11:00 do 16:00.";"49.976620";"18.633550";"3"
;"Zamek Książąt Mazowieckich XIV-XV w.  Obecnie trwają prace nad rewitalizacją zamku, zwiedzanie dziedzińca za darmo, zwiedzanie Muzeum i widok z wieży odpłatne. Wpisany do rejestru zabytków nr rej. A-81.";"52.884390";"20.618890";"3"
;"Muzeum Misyjno - Etnograficzne Księży Werbistów w Pieniężnie, tel. (55) 242 92 43";"54.228960";"20.094840";"3"
;"Muzeum Kolejnictwa w Kościerzynie  - oddział Muzeum Ziemi Kościerskiej";"54.120020";"17.997450";"3"
;"Muzeum Narodowe w Szczecinie   tel.91 4315 200";"53.427950";"14.554880";"3"
;"Muzeum Energetyki na terenie Elektrowni Łaziska  http://www.muzeumenergetyki.pl  Tel.: 32 324 35 55, 32 324 37 00";"50.132292";"18.842089";"3"
;"MUZEUM PRZEMYSŁU I KOLEJNICTWA NA ŚLĄSKU  58-140 Jaworzyna Śląska  Telefon: 074 63 74 330";"50.914600";"16.436490";"3"
;"Centralne Muzeum Morskie. Statek -muzeum Dar Pomorza i okręt Błyskawica  Tel:   58 620 23 71, kom. 697 607 166";"54.519010";"18.553160";"3"
;"Ładne Widoki, Klucze, ";"50.336220";"19.549330";"3"
;"Zabytkowa Kopalnia Węgla Kamiennego \'Guido\' tel/fax: 32 2714077, 32 2714859";"50.289230";"18.792830";"3"
;"Zamki, Dębno, ";"49.964070";"20.715990";"3"
;"Muzeum Wojska Polskiego tel. 022 629 52 71 (72)";"52.231470";"21.024870";"3"
;"Muzeum Narodowe w Warszawie - Zakres zbiorów - sztuka polska i obca od czasów starożytnych do XX w. tel. 22 621 10 31";"52.231470";"21.021710";"3"
;"Muzeum Techniki w Pałacu Kultury i Nauki  tel.(022) 656-67-59  http://www.muzeum-techniki.waw.pl";"52.230430";"21.005930";"3"
;"Panorama Tychów i Lędzin z tzw. \'Klimontka\'";"50.120611";"19.102467";"3"
;"Panorama Krasów i Kosztów";"50.175826";"19.153410";"3"
;"Muzeum Wisły, tel. 58 530 22 52 wew. 22, Fax: 58 530 22 52";"54.085050";"18.793660";"3"
;"Muzeum Gazownictwa Warmii i Mazur. Zgłoszenie zwiedzania w godzinach 7.00 &#8211, 15.00 pod numerem telefonu: 89 538 34 30. Wstęp do Muzeum jest bezpłatny. Tel. do muzeum (89) 761 10 92, (89) 761 17 30.";"54.285380";"20.486980";"3"
;"KL Stuthoff-(Konzentrationslager)niemiecki obóz koncentracyjny utworzony na anektowanych terenach Wolnego Miasta Gdańska (niem. Freie Stadt Danzig), w miejscowości Sztutowo, 36 km od Gdańska. Funkcjonował od 2 września 1939 roku do 9 maja 1945 roku. Był pierwszym i najdłużej istniejącym obozem tego typu na terenach wchodzących aktualnie w skład Państwa Polskiego. Muzeum Stutthof, tel:+48552478353, fax:+48552478358. Wstęp do Muzeum jest bezpłatny. http://www.stutthof.pl/";"54.327050";"19.153230";"3"
;"Muzeum Pozytywizmu - Oddział Muzeum Szlachty Mazowieckiej w Ciechanowie.  Dworek, ozdobiony wspartym na czterech kolumnach gankiem i maleńką willę \'Krzewnia\', dom Świętochowskiego otacza zielony park. We wnętrzach wyeksponowane zostały pamiątki po pisarzu i właścicielce majątku, Aleksandrze Bąkowskiej. Pieczołowicie odtworzono pomieszczenia typowe dla szlacheckiego dworku z przełomu XIX i XX w., pełne miękkich dywanów, pięknych tkanin i solidnych mebli.  tel. (023) 671 30 78";"52.788450";"20.688210";"3"
;"Małopolskie Muzeum Pożarnictwa w Alwerni  im. Zbigniewa Gęsikowskiego tel.(12) 283-23-23,";"50.069310";"19.537020";"3"
;"Zgromadzenie zakonne Braci Mniejszych Bernardynów tel. 12 283 12 13";"50.066860";"19.535180";"3"
;"Zamek Frydlant, powstał w połowie wieku XIII. Istnieje możliwość zwiedzania zamku z przewodnikiem mówiącym w języku polskim.     Godziny otwarcia:  Kwiecień, październik: 9.00 - 15.30  Maj, czerwiec, wrzesień: 9.00 - 16.00  Lipiec, sierpień: 9.00 - 16.30 tel.+420 482 312 130";"50.915190";"15.083720";"3"
;"Muzeum Romantyzmu tel/ fax (+48 23) 671 70 25  e-mail: mr@muzeumromantyzmu.pl";"52.905700";"20.715820";"3"
;"Rezerwat Skałki Piekło pod Niekłaniem Rez. geologiczny chroniący osobliwe skałki wypreparowane w piaskowcu triasowym (kazalnice, grzyby, kominy, okręt, sfinks). Osobliwością rez. jest paproć - zanokcica północna, będąca reliktem epoki lodowcowej.";"51.185919";"20.666358";"3"
;"Muzeum Okręgowe w Lesznie, tel. 65 529 61 40, fax 65 529 29 86";"51.841280";"16.571540";"3"
;"Schron kolejowy z okresu II Wojny Światowej pod Żarnowską Górą   http://www.podziemia.pl/doc/info.php?show=c5";"49.869197";"21.807941";"3"
;"Rynek w Kazimierzu Dolnym";"51.322129";"21.947338";"3"
;"81-374 Muzeum Marynarki Wojennej w Gdyni, tel. (58) 620-13-81";"54.516235";"18.547799";"3"
;"81-374 Muzeum Miasta Gdyni. Tel. 58 662 09 10, www.muzeumgdynia.pl&#8206,";"54.515877";"18.547152";"3"
;"Piękna zapomniana wieś, położona w malowniczej scenerii Beskidu Niskiego.";"49.551361";"21.186752";"3"
;"Zamek w Człuchowie, http://www.zamki.pl/?idzamku=czluchow";"53.664122";"17.362168";"3"
;"Miejsca Godne Zwiedzenia, Pelplin, Górka Papieska";"53.929047";"18.669874";"3"
;"Elektrownia szczytowo-pompowa Porąbka-Żar - wejście do elektrowni. Jest udostępniona do zwiedzania http://www.zewpz.pl/files/Regulamin_zwiedzania_ESP_Porabka-Zar.pdf";"49.778613";"19.212614";"3"
;"Elektrownia Wodna";"54.284496";"18.447765";"3"
;"Zamek Tropsztyn";"49.796354";"20.645281";"3"
;"Miejsca Godne Zwiedzenia, Czchów, Zapora";"49.811064";"20.678462";"3"
;"Muzea i Skanseny, Tarnów, Muzeum";"50.012900";"20.988315";"3"
;"Podziemna Trasa Turystyczna w nieczynnej Sztolni Poszukiwawczej Rudy Uranowej http://sztolniekowary.com/pl/  tel. 75 75 28 458";"50.758739";"15.847015";"3"
;"PAŁAC DIETLA, pieczołowicie odrestaurowany neorenesansowy pałac z końca XIXw. Wspaniałe wnętrza m.in. Sala Balowa, Jadalnia, Pokój Secesyjny i unikatowy w skali europejskiej Pokój Kąpielowy.";"50.285194";"19.138252";"3"
;"01-531 Muzeum Sportu i Turystyki ul.Wybrzeże Gdyńskie 4  01-531 Warszawa";"52.274068";"20.997109";"3"
;"MUZEUM HISTORYCZNE MIASTA STOŁECZNEGO WARSZAWY    Rynek Starego Miasta 28-42, 00-272 Warszawa  tel.(+48 22) 635 16 25, fax 831 94 91";"52.250281";"21.011888";"3"
;"Muzeum Niepodległości       al. Solidarności 62  00-240 Warszawa";"52.245380";"21.004104";"3"
;"Muzeum Łowiectwa i Jeździectwa    ul. Szwoleżerów 9, 00-464 Warszawa  tel.: 22 522 66 30 (sekretariat)  fax.: 22 628 46 99";"52.216832";"21.038243";"3"
;"Warszawskie Muzeum Etnograficzne ul. Kredytowa 1  00-056 Warszawa";"52.238206";"21.012102";"3"
;"Muzeum Kolejnictwa w Warszawie  ul.Towarowa 1  00-811 Warszawa";"52.226080";"20.987356";"3"
;"Widok na Kraków z kopca im. Tadeusza Kościuszki";"50.054895";"19.893471";"3"
;"Muzeum Okręgowe im. Leona Wyczółkowskiego w Bydgoszczy. Sekretariat Muzeum: telefon: 52 585 99 66, fax: 52 585 99 68";"53.124709";"18.003014";"3"
;"Zamki, Sadków, ruiny zamku";"51.318265";"17.283259";"3"
;"Ładne Widoki, Dąbrowa, ";"50.024595";"20.269325";"3"
;"Zespół klasztorny Zakonu męskiego Paulinów na Jasnej Górze tel:34 377 77 77";"50.812891";"19.096990";"3"
;"Punkt informacji turystycznej szlaku konnego im.Hubala. Restauracja,Cocktailbar,Hotel,Domki góralskie,Kwatery agroturystyczne,Stadnina koni,Tor kartingowy,Quady,Park linowy,Hala multisport,Korty,Stawy";"51.112360";"19.421511";"3"
;"Miejsce wydarzeń Grudnia 1970r. Gmach byłego Komitetu Wojewódzkiego PZPR (dziś siedziba banku).";"53.428685";"14.555125";"3"
;"Drewniana cerkiew";"50.222580";"22.622670";"3"
;"Stara drewniana wieża pożarnicza służąca kiedyś do obserwacji terenu";"50.292700";"22.719990";"3"
;"Ładne Widoki, Szymanowice, ";"50.634084";"21.438618";"3"
;"Ładne Widoki, Gródek, ";"49.754987";"20.744247";"3"
;"Ładne Widoki, Koprzywnica, ";"50.594571";"21.569252";"3"
;"Wenecja Opolska. Bardzo fajnie w nocy.";"50.669251";"17.918607";"3"
;"Zamki, Ogrodzieniec, ";"50.453061";"19.552593";"3"
;"Górka Kazoorka/Wzgórze Trzech Szczytów/Góra Latawcowa. Punk widokowy. Widok na Las Kabacki, Okęcie, Pałac Kultury. Miejsce dla wyczynowej jazdy rowerowej - freestyle, miłośników latawców";"52.137051";"21.043856";"3"
;"muzeum.walcz.pl";"53.270769";"16.471986";"3"
;"Miejsca Godne Zwiedzenia, Sandomierz, Ratusz";"50.679470";"21.749252";"3"
;"Brama Opatowska";"50.681625";"21.749332";"3"
;"Kościół św. Jakuba";"50.677053";"21.744120";"3"
;"Dworek Ojca Mateusza";"50.677389";"21.746104";"3"
;"Muzeum w starym dworku";"54.193234";"18.029804";"3"
;"Ogrody botaniczne, Kudypy, ";"53.765646";"20.380110";"3"
;"Dąb szypułkowy - pomnik przyrody (obwód 6,15 m)";"54.233079";"18.598571";"3"
;"http://pl.wikipedia.org/wiki/Rusocin_%28wojew%C3%B3dztwo_pomorskie%29";"54.227567";"18.630248";"3"
;"Zamek w Sandomierzu";"50.676043";"21.747060";"3"
;"Katedra Sandomierska";"50.676789";"21.749285";"3"
;"Podziemna Trasa Turystyczna";"50.679858";"21.748733";"3"
;"Wąwóz Królowej Jadwigi";"50.676066";"21.743197";"3"
;"Jaskinia Biśnik, stanowisko archeologiczne z najstarszymi śladami ciągłego osadnictwa na ziemiach polskich w paleolicie. Najstarsze zabytki datowane na 350.000 lat.";"50.426155";"19.665527";"3"
;"Jaskinia Stajnia. Stanowisko archeologiczne, na którym odkryto pierwsze w Polsce szczątki kostne neandertalczyka.";"50.616088";"19.484661";"3"
;"Muzeum Diecezjalne w Sandomierzu - Dom Jana Długosza";"50.676916";"21.750479";"3"
;"Muzeum Okręgowe w Sandomierzu - Zamek Kazimierzowski w Sandomierzu";"50.676038";"21.747110";"3"
;"Ładne Widoki, Łękawka, ";"49.934759";"21.013284";"3"
;"Baszta Widokowa (Kamieniołomy)";"50.474646";"23.051913";"3"
;"Kamieniołom Babia Dolina";"50.475309";"23.048113";"3"
;"Muzeum Ziemi Kościerskiej, tel. (58) 680-04-88, fax. (58) 680-04-89";"54.122357";"17.978625";"3"
;"Muzeum Akordeonu, tel. (58) 684-93-62";"54.121608";"17.976463";"3"
;"Muzeum Przyrody i Techniki  Ekomuzeum im. Jana Pazdura w Starachowicach    http://www.ekomuzeum.pl/";"51.048133";"21.066424";"3"
;"Zamek w Kazimierzu Dolnym &#8211, zespół fortyfikacji obronnych z XIII i XIV zabezpieczony w formie trwałej ruiny i udostępniony dla ruchu turystycznego";"51.323556";"21.950238";"3"
;"Sanktuarium Pasyjno-Maryjne  Klasztor oo.Bernardynów";"49.860256";"19.671635";"3"
;"Muzeum - Orawski Park Etnograficzny  w Zubrzycy Górnej";"49.570466";"19.635715";"3"
;"Zespół Pałacowy w Kurozwękach";"50.597181";"21.100323";"3"
;"Pałac , stadnina koni i jedyna w Polsce hodowla bizonów amerykańskich (ponad 80 sztuk)  tel. (+48) 15 866 72 71     (+48) 15 866 72 72     (+48) 15 866 72 66";"50.597107";"21.100412";"3"
;"Zamek w Pieskowej Skale";"50.244270";"19.779735";"3"
;"Muzeum Zagłębia w Będzinie";"50.327249";"19.129138";"3"
;"Muzeum Gross-Rosen w Rogoźnicy  (dawny hitlerowskii obóz koncentracyjny)    tel. 74 85-590-07";"50.998157";"16.275973";"3"
;"Opactwo Benedyktynów w Tyńcu";"50.019112";"19.802205";"3"
;"Klasztor Karmelitów Bosych tel. (12) 282 00 65";"50.168157";"19.634564";"3"
;"31-066 Muzeum Etnograficzne im. Seweryna Udzieli";"50.047799";"19.943743";"3"
;"Park Miniatur Złota Góra pomnik Największego Papieża";"50.810464";"19.153998";"3"
;"Czołg t-34 - pomnik";"49.336735";"22.286325";"3"
;"Pomnik poległych żołnierzy.";"49.322598";"22.278342";"3"
;"Miejsca Godne Zwiedzenia, Baligród, Kirkut";"49.338546";"22.284307";"3"
;"Zakon Braci Mniejszych, tel. 89 758 59 20, 89 758 59 23";"54.009587";"20.075890";"3"
;"Ruiny średniowiecznego zamku w Muszynie";"49.353874";"20.890434";"3"
;"Zamek krzyżacki w Ełku, jest pod opieką Konserwatora Zabytków oraz wpisany do rejestru. Zamek podpał w ruinę, ale władze samorządowe Ełku pracują aktualnie nad możliwościami renowacji.";"53.818779";"22.341397";"3"
;"Park Papieski - Piękne miejsce warte odwiedzenia";"50.015475";"22.021902";"3"
;"Przepiękny obiekt godny zwiedzenia. W tym rejonie chyba jeden z większych. Cysterski klasztor. Bardzo dużo imprez (korsa kwiatowe, wystway, rekonstrukcje bitew i zdobywania klasztoru).";"51.261235";"16.469690";"3"
;"Zamek Joannitów, działa tu obecnie Świdwiński Ośrodek Kultury, informacja turystyczna, biblioteka i orkiestra. Zamek można zwiedzać, czas ok. 45 minut, cena biletu 5 zł, ulgowy 3.";"53.772510";"15.768769";"3"
;"Muzeum Regionalne. Tel. +48 67 26 85 911, kom. 515 041 938";"52.805935";"17.192960";"3"
;"Klasztor Kamedułów na Bielanach";"50.045676";"19.840665";"3"
;"Kopiec Piłsudskiego";"50.060059";"19.847145";"3"
;"Fortyfikacje, Kraków, Barbakan";"50.065454";"19.941612";"3"
;"Fortyfikacje, Staropole, MRU PZW-708";"52.341310";"15.477560";"3"
;"Fortyfikacje, Staropole, MRU PZW-706";"52.333340";"15.481010";"3"
;"Fortyfikacje, Staropole, MRU PZW-703";"52.331570";"15.456120";"3"
;"Fortyfikacje, Boryszyn, MRU PZW-715";"52.356830";"15.478890";"3"
;"Fortyfikacje, Pniewo, MRU PZW-716A";"52.368330";"15.496930";"3"
;"Fortyfikacje, Pniewo, MRU PZW-716";"52.367070";"15.501270";"3"
;"Fortyfikacje, Pniewo, MRU PZW-719";"52.380970";"15.505000";"3"
;"Fortyfikacje, Pniewo, MRU PZW-721";"52.388800";"15.509840";"3"
;"Fortyfikacje, Kęszyca, MRU PZW-724";"52.395620";"15.512190";"3"
;"Fortyfikacje, Pniewo, MRU PZW-720";"52.384390";"15.507680";"3"
;"Fortyfikacje, Kęszyca, MRU PZW-726";"52.399880";"15.510270";"3"
;"Fortyfikacje, Kęszyca, MRU PZW-727";"52.402330";"15.512460";"3"
;"Fortyfikacje, Kęszyca, MRU PZW-730";"52.407390";"15.505250";"3"
;"Fortyfikacje, Kęszyca, MRU PZW-728";"52.402680";"15.492670";"3"
;"Fortyfikacje, Kęszyca, MRU PZW-746";"52.429430";"15.473240";"3"
;"Fortyfikacje, Kęszyca, MRU PZW-732";"52.415920";"15.497740";"3"
;"Fortyfikacje, Kęszyca, MRU PZW-743";"52.426850";"15.480780";"3"
;"Zakony, Pieniężno, ";"54.229499";"20.094997";"3"
;"Taras Widokowy czynny codziennie przez cały rok! Szczegóły pod nr tel. 502-329-066. Udostępniamy tarasy: taras dolny ~45 metrów n.p.m., taras górny (tzw. Kula) ~63 metrów n.p.m.";"54.794467";"18.409446";"3"
;"Muzeum Ziemi Krajeńskiej w Nakło nad Notecią, tel. 52 386 08 64, fax 52 386 08 64";"53.139593";"17.602704";"3"
;"Muzeum Zagłebia";"50.328766";"19.123812";"3"
;"Muzeum Miejskie, tel. 68 3873640";"51.800104";"15.715868";"3"
;"Barokowa figura św. Jana Nepomucena. Zobacz nepomuki.pl";"52.228206";"21.022720";"3"
;"Kamienna współczesna figura św. Jana Nepomucena przed siedzibą TVN, na miejscu starszej. Zobacz nepomuki.pl";"52.179368";"21.072668";"3"
;"Barokowa figura św. Jana Nepomucena. Zobacz nepomuki.pl";"52.242774";"21.004048";"3"
;"Kamienna figura św. Jana Nepomucena. Zobacz nepomuki.pl";"52.170528";"21.040208";"3"
;"Kamienna figura św. Jana Nepomucena na fasadzie kościoła św. Stanisława. Zobacz nepomuki.pl";"52.227664";"20.958682";"3"
;"Muzeum Kultury Kurpiowskiej w Ostrołęce. Muzeum Historyczne Oddział w Przasnyszu. Tel. (29)752-28-66, ceny biletów: 2 zl normalny, 1 zl ulgowy";"53.020895";"20.882713";"3"
;"Wieża mieszkalna wzniesiona na początku XIVw. Otoczona była obwarowaniami. Usytuowana ona była w miejscu wcześniejszego grodu Przemysława II.";"52.733463";"15.399992";"3"
;"Ruiny zamku w widłach Warty i Odry. Zbudowany w XIVw. Prawdopodobnie przez zakon joannitów w miejscu warownego grodu Piastów Śląskich. Od XVw. w rękach niemieckich.";"52.579060";"14.633933";"3"
;"Istniał tu (prawdopodobnie) średniowieczny zamek krzyżacki. Istniejące fragmenty murów obronnych są pozostałością średniowiecznych fortyfikacji miejskich z początków XIVw.";"52.732788";"15.240078";"3"
;"Ładne Widoki, Świdnica, ";"50.831556";"16.479042";"3"
;"Ładne Widoki, Świdnica, Park";"50.836611";"16.489443";"3"
;"Fortyfikacje, Świnoujście, Fort Zachodni";"53.918377";"14.275344";"3"
;"Miasteczko Twinpigs. Westernowy Park Rozrywki w Żorach. Tel.32 411 43 34";"50.049710";"18.714516";"3"
;"Zabytkowa figura Boga Ojca";"52.147304";"20.915736";"3"
;"SANKTUARIUM MATKI BOSKIEJ BORECKIEJ";"49.956299";"22.083619";"3"
;"Miejsca Godne Zwiedzenia, Swaderki, Spływ kajakowy";"53.552037";"20.426331";"3"
;"Muzea i Skanseny, Olsztynek, Skansen";"53.590543";"20.288787";"3"
;"Zamek rycerski znajdujący się we wsi Smoleń w województwie śląskim oraz na Szlaku Orlich Gniazd";"50.438265";"19.675097";"3"
;"Muzeum Regionalne. Ratusz, tel. (65) 512-29-34";"52.086351";"16.645104";"3"
;"Zamki, Łańcut, ";"50.068503";"22.234365";"3"
;"Zamek Suski - Mały Wawel";"49.746125";"19.601643";"3"
;"Ładne Widoki, Strzelce Opolskie, ";"50.510838";"18.316129";"3"
;"śluza jedyna ukończona na kanale mazurskim, dojazd od wsi Guja";"54.252240";"21.578393";"3"
;"Miejsca Godne Zwiedzenia, Zarosle, Super widok";"53.340021";"19.353404";"3"
;"Wspaniały widok na Odrę, most i dolne Krosno";"52.052019";"15.101684";"3"
;"Piękny widok na progi rzeki Bóbr";"51.988937";"15.065839";"3"
;"Park Mitologii -podczas niezwykłego rejsu gondolą można poznać bogów, herosów i bohaterów mitów greckich.  tel:667 979 220";"49.989725";"19.444985";"3"
;"WIGIERSKA KOLEJ WĄSKOTOROWA- stacja początkowa";"54.036709";"22.951191";"3"
;"Rejsy statkiem do Doliny Rospudy - początek trasy, Port Żeglugi Augustowskiej";"53.844365";"22.994181";"3"
;"Wodospad Kwisy.   Bardzo malowniczy zakątek, z możliwością wykapania się w rozlewisku przy wodospadzie Kwisy";"50.892643";"15.373993";"3"
;"Pałac Potockich wraz z otaczającym go parkiem.";"50.135758";"19.624608";"3"
;"Muzeum Wigierskiego Parku Narodowego. www.wigry.win.pl";"54.075449";"23.075613";"3"
;"schron dowodzenia drużyny - niemiecki 1944r";"50.038289";"19.699190";"3"
;"schron niemiecki typu tobruk 1944r";"50.278656";"19.708288";"3"
;"Miejsca Godne Zwiedzenia, Nowy Targ, ";"49.486946";"20.026928";"3"
;"Wejście do Słowińskiego Parku Narodowego - około 5 km od wejścia znajdują się Ruchome Wydmy - jedna z największych atrakcji okolic Łeby.";"54.754096";"17.515906";"3"
;"Muzeum Puszczy Drawskiej i Noteckiej im. Franciszka Grasia,  tel. (0-95) 762 09 48, tel. kom. 508 054 163";"52.839602";"15.838376";"3"
;"W zamku jedyne w kraju Muzeum Instrumentów Ludowych";"51.226332";"20.853059";"3"
;"Przy Centrum Ogrodniczym \";"50.438245";"18.924975";"3"
;"Miejsca Godne Zwiedzenia, Kalety, ";"50.543879";"18.974751";"3"
;"Ładne Widoki, Gliwice, ";"50.296605";"18.654957";"3"
;"Miejsca Godne Zwiedzenia, Truszczyca, aleja dębów";"50.550848";"18.910077";"3"
;"Muzeum Wsi Kieleckiej &#8211, Park Etnograficzny w Tokarni Tel.: 41 315 41 71, 519 467 107";"50.764409";"20.431738";"3"
;"Zamki, Szydłów, Zamek Obronny";"50.590441";"21.000436";"3"
;"Nowo uruchomiona po remoncie kolejka linowa Elka, kursuje na odcinku Wesołe Miasteczko-Stadion Śląski.Można podziwiać przyrodę parku i zwierzęta zgromadzone na terenie Śląskiego Ogrodu Zoologicznego";"50.275758";"18.996464";"3"
;"Muzea i Skanseny, Dzierżoniów, ";"50.731438";"16.645672";"3"
;"Opuszczone miasto. Jeszcze przed rokiem 1992, w mieście tętniło życie. Były tu budowane szkoły, bloki mieszkalne, sklepy";"51.437847";"15.576887";"3"
;"Wodospad Szum na potoku Będkówka";"50.175057";"19.743419";"3"
;"Gospodarstwo Pasieczne Sądecki Bartnik tel. (018) 445 18 82, 414 05 50, 414 05 58";"49.671600";"20.964317";"3"
;"Muzeum Pszczelarstwa w Kamiannej";"49.520667";"20.948653";"3"
;"Zamki, Oława, Pałac Luizy";"50.944473";"17.294322";"3"
;"Miejsca Godne Zwiedzenia, Oława, ";"50.942833";"17.295318";"3"
;"Izba Muzealna Ziemi Oławskiej";"50.942806";"17.295220";"3"
;"Pałac z XVIII w. w stylu neobarokowym.";"50.885627";"17.247237";"3"
;"Izba Pamięci Drogownictwa";"52.590261";"15.486868";"3"
;"Ogrody Bernardyńskie";"50.040330";"22.000400";"3"
;"Punkt widokowy na przeciwko Hotel Olsztyn SAK widok na dolinę z meandrującą rzekę Łynę płynącą w kierunku centrum Olsztyna mały rezerwat przyrody zdjęcia na hotelolsztyn.pl Zobacz!";"53.730075";"20.457595";"3"
;"Fortyfikacje, Poznań, Park Cytadela";"52.418252";"16.931262";"3"
;"Twierdza Poznań-Fort VIIIa";"52.385439";"16.868639";"3"
;"Twierdza Poznań-Fort I";"52.360468";"16.929974";"3"
;"Twierdza Poznań-Fort Ia";"52.363675";"16.950855";"3"
;"Twierdza Poznań-Fort VII-Pomnik Martyrologii Wielkopolan";"52.416758";"16.868716";"3"
;"Twierdza Poznań-Fort IX";"52.374754";"16.882274";"3"
;"Twierdza Poznań- Fort VIII";"52.395137";"16.857519";"3"
;"Twierdza Poznań-Fort IXa";"52.365154";"16.901763";"3"
;"Twierdza Poznań-Fort II";"52.372714";"16.965620";"3"
;"Twierdza Poznań-Fort IIa";"52.385662";"16.983262";"3"
;"Twierdza Poznań-Fort VIa";"52.436994";"16.881225";"3"
;"Twierdza Poznań-Fort IIIa";"52.416714";"17.002515";"3"
;"Twierdza Poznań-Fort III";"52.399934";"16.997523";"3"
;"Görlitz - jest jednym z niewielu niemieckich miast niezniszczonych podczas II wojny światowej, posiadających niezaburzony układ przestrzenny i zabytki ze wszystkich epok historycznych.";"51.156736";"14.990941";"3"
;"Centrum Dziedzictwa Szkła w Krośnie";"49.694499";"21.765857";"3"
;"Zamki, Bydlin, XIV w.";"50.388766";"19.642868";"3"
;"Zamki, Sławków, XIII w.";"50.296669";"19.391434";"3"
;"Maczuga Herkulesa";"50.242620";"19.782869";"3"
;"Zamki, Ojców, XIV w.";"50.211707";"19.830108";"3"
;"Ojcowski Park Narodowy";"50.206956";"19.817963";"3"
;"Jaskinia Nietoperzowa";"50.193949";"19.774489";"3"
;"Zamki, Przybysławice, XIV w.";"50.162261";"19.882572";"3"
;"Jaskinia Łokietka";"50.200556";"19.818521";"3"
;"Jaskinia Ciemna";"50.196572";"19.831696";"3"
;"Zamki, Zator, XV w.";"49.996043";"19.439857";"3"
;"Zamki, Morsko, XV w.";"50.550635";"19.521031";"3"
;"Zamek Książąt Pomorskich";"54.419679";"16.411766";"3"
;"Zamki, Tworków, XVI w.";"50.011959";"18.236490";"3"
;"Zamki, Racibórz, XIII w.";"50.095854";"18.221174";"3"
